Dcoronata,D
kthsthic,C
Tabudim,S
CeiTaeLyn,k
AESShiloh,A
Iuvkooh,t
engelsmeister,d
BigBlueHulk,D
sanniespeach,p
DanCady,D
SXMCanadaTalks,N
heyitsJudeD,a
psychwas,s
Rubble2012,d
hotxander01,M
djpos2,Z
Cray10Angie,Z
NorCal_Redvines,i
dasvee,R
who_reads_this_,k
amesntiagos,n
nckmller,a
sugaunofficial,h
rayyisnotbaee,M
muzykaster,j
Nisha_Armaalian,N
UKUSpage,a
WUAA_DCchapter,S
petiteprincessf,l
ylvacult,s
keidekay,N
ChrisWasselDFS,c
NatPostRadio,S
yesitsmebir,C
JRBlizzy2DaDome,m
imRipz,N
Cokspainel,y
evannnnnnnna,v
Zadok358,v
EmEmpressed,y
lalanpanmann,m
vpleasantries,s
cuddlefuddles,C
joshua_r_eyler,m
dreamingcalii,e
hina_hp,j
Darcy_Brady,n
labourtswift,p
newagepodfather,N
LarrySabato,C
ynrocks,E
Merry_Hippie,F
ryoyoyoyoyoyoko,e
megasynapse,G
IsoIatedSkrtel,D
bazshaw69,M
Dayotchanculle,I
4ever2runval96,m
BuluBane,G
dreamyibo,r
mat_broadway,f
footballbobbles,m
taes_smeraldo,I
jinkerbell_2,S
KarunaShukla333,V
NazAM__,N
GreengairsPS,M
SATXRNEP,j
MarcTheNotable,M
kitchen5203,C
pscoordsen13,B
klhparker,C
mbdbts_,l
MagaRosco,l
mountainknt,4
MMacck2,b
Celine89955159,G
mattrecch,J
Zerostar82,d
GarbageDotNet,B
chrmod,s
JIMI0CLOCK,m
lewis19debbie,I
vicozones,o
funlovingNicole,r
SweetfaceK,s
sashurii,y
sonofdusable,S
moonchild14_,J
retrojim1980,N
vickyxiiv,e
NFN1X,r
MikePrevost3,J
FreedomsRing1,M
MrMeowscles,M
whore_bisexual,t
SmouchRN,W
hwngmist,h
AnnaApp91838450,D
1PMChat1,S
lissasno1fan,M
zapher134,S
Truthfully83,R
hwnglixies,h
SplinterSimba,z
vetshelp1,Z
CatalinaSalced4,r
noahwright25,D
romantuerki,C
arejaygraham,Z
raretoloveme,b
k_hargun722,w
betteroffsel,r
robbieg430_g,f
SimsHilarysims,1
ScarIetBorealis,O
Rebel_diaries_1,M
himani_dz_dr,s
Teamdoctors22,G
RBiakpara,T
awlasky,E
albertheapsout1,U
melgrl99,g
soobamgyu,c
AirborneGeek,z
Mokgadi_Heart,M
It_wasn_tme,M
vidusaaa,m
Shanikapeiris18,m
nickdrop6,B
Center4Politics,L
RashidLui,T
TedWJamesMD,R
_AIMO_,T
Mr_Chippp,I
Humble_Clay,k
hatakedrip,s
cherubbeomgyu,s
GangstaMimi,B
Dawid57742887,s
ruoyell,d
thesoulhunter18,n
Nraval5,s
generallygates,m
janjua_aadii,h
mawrufok,b
J_8991Ali,m
MacSmiff,T
bernardoukath,m
sadiyaakhterdz,h
acesphoenix,s
saraIexandra,i
notthebuddha,A
OmegaTheSimp,S
Tra4Duce,M
seungmot,b
pritchhunter,e
irissfernandes3,s
Falsegod_97,w
oppaigoddess_,a
MarleneSalsona,h
ZeroGBadillion,C
zippy1981,A
bunny_madyson,Y
CHEET00Z,B
Damnllama,B
nekokittyflower,t
LITMAJOR_music,h
swijneger,c
dylanmatt,J
Littlesara84,d
Countinglkp,G
tsakiii_,h
insfouis,l
fatgumslut,u
mczuks,L
LandNoli,m
moonlightlg,v
worldsdrumming,b
Luckyflows,_
msamson56,J
leigh_fall,s
peachxviibes,v
hardlybjorking,L
coffee_with_san,G
BPGVotingPHL,L
NewAgeBoxingUK,n
Remmy81017013,A
Bdlc160,n
cheerfulmyg,m
MohanGayatri,R
malcolm_maggs,j
wife_ofbrian,F
Michael88972566,w
Merveille_love,D
Allen_Global,o
JMNdinika,N
oharaspicks,A
akhilrajwaits,v
we_were_dancing,F
fuuraiboi,P
thefandomfilms,w
sissy_mom,l
JZapatierGI,S
YBCTHANERD,b
groovebyun,d
peoriachiefs,T
ay_hink,A
ThtGingerKidSTL,p
daetiddies,g
Ayo_mide4,a
kijurii,U
holuwagbengaIBK,A
willsworldview,z
Thaboew_Zikhali,_
robsquaredone,d
CChrisolus,A
parrrrpino,2
varunskurup,a
alexiamts13,C
JackieBlue4u,M
NicolaSirengo,J
AhpoIeon,C
21CENTURYJIN,p
Gemmaperkins15,T
wonderboisatori,s
ULTIMATECL0WNS,k
ForbesBetter,w
MumtazAli_Khan,s
jayare411,t
softjisxng,b
cuffedvisser,j
blainekell6,E
tofurevolution,j
binderelluh,_
versynx,S
Talkinoutmyarse,N
BAEJlNYOUNG,C
Dabzzzz97,M
DrMichelleF,D
trlawlor,O
tooturntnae,V
_KamRegan,b
jordanshennessy,c
fiqapwincess,M
feastminusone,i
carsenault5,2
darkestlove_E,r
GRye_94,c
iiTouka,q
jaydee_97,B
NW2Goon,T
mingimbap,c
DrPragsMPH,D
KlNGRAPID,D
Ohnojamie2,t
BonnieLextra,y
xtra_vendetta,c
Joanna_MB,S
2PeasnaPod2,c
milflower17,S
Dalirocksursoxx,K
bffmaine15,A
soonhoonx_,l
luvkywoozi,s
Gianlui91580067,C
indieannatv,P
yumagna_,B
GerberLife,m
A_Lucid_Enigma,N
squisehyoon,a
qtAlexiaa,i
SwarajJadhao,T
sallu98741,M
kaehvogel,H
uppersmoons,f
Abiolality,h
SavitaHema,a
carpediem_isso,S
MouthStayClosed,d
TheLoveWeStole,e
CoveredMyWagon,a
SocialistBloke,J
SacredLuckeh,i
debaaaby,M
DDonsmith007,A
TeeUp_LilHoe45,S
PostCubicleKyle,i
JustAno46864525,n
urbanvoicesin,D
edgymidschooler,r
semidivine_,w
nharmertaylor,J
ellyloveszarry_,T
wormicus,x
Thewayofsalaam,W
MarkMakauh,V
xentyie,w
Cigarvolante,k
PattiKimble,R
Theking23147,S
MPH29173658,f
baileydolqn,h
ioNPred,S
P9Villy,S
vividlydreams,p
SanchezLunaMD,J
ahsek_,j
hlumikondile,t
BatBTeam2Gether,p
Para_rinn,f
itsbabieval,f
Bing7789,G
homelygrant,b
avatterfly,R
bluesideffects,s
IngridIngwah,J
Olarnipekun,N
Robyn_CherCrew,P
lwtcherryhes,i
thatgirlljadaaa,_
Shirone88399707,v
hyunjinlia,l
lexx316,s
wing073,M
ninaada,m
Wilma3683,T
SaySayTrill,T
Ngochiz,O
VenturaMaurilio,r
_xomag,t
darth_zizou,L
naynlim,_
roberto97garcia,V
Ro_Almighty30,T
LususSaule,c
Celtics_fan78,R
RRSupporters,a
Morishi46,M
_MitchThagod,L
mksarv,n
Cicada752,A
MikeisKing12,d
VongolaBurst16,t
Alexups00,v
vikipuntocom,A
LidoAlessandro,d
arun12399,S
Simphiwe_Chef,T
canshootrabbits,x
abayomidaramol1,o
AESPianelle,A
LonelyChild1K,E
E1Badges,L
petereharrell,r
_sezhun,n
devonw757,M
SentinelBooks,J
EdBlackEsq,b
NathanTankus,J
Jaxhomegirl,I
superthorpe,l
MatGod_,F
JWMason1,d
FailerDaddyBoy,M
kndauknow,N
ambermyself,r
Morlock08910472,Y
VincentMaloba,M
onlyforVico,v
rwxoxo,a
SebPro101,P
EcuadorDon,a
mintaekook23,j
NlNlBOWENS,k
RoisinRadio,i
LorelieSalva,B
Aphre_,O
OW_MARVEL,A
reziemba,p
Noneofy73003973,V
ArcadeOutpost,C
IslingtonBC,l
leohenryanefo,S
amyyatesx,e
Mags_B_,M
elgreeen_,a
jooniephases,m
Yourdad16877513,M
WhimsicalMeToo,P
lixievivi,h
iwishiwasafinch,R
OversexedLust,I
AskingGolfWang,n
campfr3ddy,L
awescar,h
IronHeartedChef,O
NDepoix,A
Vicky_U_witch,N
bagnchan,s
Evan_UTD,a
alfiebradshaw10,E
Ohgreatcj,C
jollyd62,a
__Aliithat,i
Brokenwittrebel,j
SweetenerTingz,y
actiontiff,j
CarlyJA22,k
Omofonia,P
ChicoDelainky,O
KKKIMKAl,c
DrightSauce,_
iMVP_14,_
salu1292,L
Pratt_Lady,f
LauraJCleaver,s
chrystaljung,K
Muhamme17094911,t
_DammyB_,D
SPLITFL0WS,l
mingisza,I
RealSteveCox,C
JakeWoodTR,S
IWCIZUMI,m
hifumistan,H
drivingrl,L
Anabananaa089,l
CoriFromDa333,D
RudeGyalNeaf,m
yp7st,M
mikopaaga,R
Mal7st,y
fishroper,P
ripcord808,g
SymereNasri,F
HardineroGrey,R
Breakpoint71,R
PeteSchofield6,O
naomikanellis,h
Darling_child,C
Fly_NoWing,C
bonnyenchanter,w
elliesangelwing,p
happyselenaday,n
RaffraffPart,H
HSI_nipodil,h
MiRRi4lien,t
NicoleNonya,s
litlisa2,t
techtunerlife,M
FelixArizona,S
kusochuuya,s
taylorfor3t,l
CoolTweetsOnly_,F
Markholiday13,B
Aneurysmincomin,R
Simply_Jenae8,l
zypisfy,w
VickySi75961809,K
MissMackayRoom3,G
RabbiJill,B
Scala9111,c
MKashdash,C
girlbassist,r
lovetye_,S
CallMeMariee__,M
lexiebu,A
ssri_anhedonic,D
sweetenerized,k
corriethegr8,h
takeshi_kei,M
Pawleybaby1999,W
Miyawaki_Tae39,M
pushpinbird,F
luvadergolder,C
ALDubFTnQT,b
Zoe_Morland,a
MSantiago2701,r
MoneyTeam_Sam,F
BobBcomedy,M
yennbargrove,S
Reelhousewife1,B
howxswa,c
lilflacko_1,Q
jMarievi,a
QuoteLowkey,l
FreeTrackss,p
Crowl3y6,l
Fortune_Hb,M
