DanCady,Dcoronata,DanCady
hotxander01,MarleneSalsona,hotxander01
keidekay,NicoleNonya,sissy_mom
vpleasantries,sissy_mom,NicoleNonya
joshua_r_eyler,muzykaster,joshua_r_eyler
footballbobbles,mat_broadway,footballbobbles
MarcTheNotable,MrMeowscles,MarcTheNotable
kitchen5203,CarlyJA22,kitchen5203
klhparker,Cigarvolante,klhparker
MagaRosco,lissasno1fan,klhparker
Celine89955159,Gianlui91580067,Celine89955159
SmouchRN,WUAA_DCchapter,SmouchRN
1PMChat1,SimsHilarysims,1PMChat1
lissasno1fan,MagaRosco,klhparker
Truthfully83,RBiakpara,Truthfully83
vetshelp1,Zadok358,vetshelp1
Rebel_diaries_1,MohanGayatri,Rebel_diaries_1
RBiakpara,Truthfully83,RBiakpara
awlasky,EcuadorDon,awlasky
Dawid57742887,ssri_anhedonic,Dawid57742887
Nraval5,sadiyaakhterdz,himani_dz_dr
sadiyaakhterdz,himani_dz_dr,sadiyaakhterdz
pritchhunter,elliesangelwing,pritchhunter
MarleneSalsona,hotxander01,MarleneSalsona
Countinglkp,GangstaMimi,Bing7789
LandNoli,mczuks,LandNoli
leigh_fall,sissy_mom,leigh_fall
BPGVotingPHL,LorelieSalva,BPGVotingPHL
malcolm_maggs,jaydee_97,Brokenwittrebel
sissy_mom,NicoleNonya,vpleasantries
ThtGingerKidSTL,peoriachiefs,ThtGingerKidSTL
Thaboew_Zikhali,_AIMO_,Thaboew_Zikhali
MumtazAli_Khan,sallu98741,MumtazAli_Khan
Gianlui91580067,Celine89955159,Gianlui91580067
DDonsmith007,AnnaApp91838450,DDonsmith007
TeeUp_LilHoe45,SaySayTrill,Ro_Almighty30
urbanvoicesin,DrMichelleF,DrPragsMPH
MarkMakauh,VincentMaloba,MarkMakauh
Cigarvolante,klhparker,lissasno1fan
PattiKimble,Robyn_CherCrew,PattiKimble
Bing7789,GangstaMimi,Bing7789
SaySayTrill,TeeUp_LilHoe45,SaySayTrill
Ro_Almighty30,TeeUp_LilHoe45,SaySayTrill
RRSupporters,avatterfly,RRSupporters
NathanTankus,JWMason1,dylanmatt
Jaxhomegirl,IngridIngwah,Jaxhomegirl
VincentMaloba,MarkMakauh,VincentMaloba
EcuadorDon,awlasky,EcuadorDon
Brokenwittrebel,jaydee_97,Brokenwittrebel
CarlyJA22,kitchen5203,CarlyJA22
JakeWoodTR,SentinelBooks,JakeWoodTR
mikopaaga,RudeGyalNeaf,mikopaaga
NicoleNonya,sissy_mom,vpleasantries
RabbiJill,Bing7789,GangstaMimi
ALDubFTnQT,bffmaine15,ALDubFTnQT
